14th May 2025,01,08,17,18,41,48,42
10th May 2025,05,12,17,19,40,47,29
7th May 2025,01,04,08,13,16,26,14
3rd May 2025,12,22,25,30,36,41,14
30th April 2025,01,09,12,15,34,35,31
26th April 2025,18,22,28,32,38,44,20
23th April 2025,09,15,22,24,40,49,25
19th April 2025,01,07,31,35,46,49,29
16th April 2025,03,11,13,15,17,39,32
12th April 2025,17,20,23,36,40,42,34
9th April 2025,11,18,26,35,37,39,16
5th April 2025,2,14,23,29,39,42,15
2th April 2025,18,26,35,40,43,47,24
29th March 2025,14,23,24,27,34,42,43
26th March 2025,9,13,25,30,45,49,8
22nd March 2025,1,3,13,16,26,32,21
19th March 2025,6,7,28,32,44,48,18
15th March 2025,19,31,32,37,38,39,34
12th March 2025,13,15,16,22,23,46,2
8th March 2025,2,3,13,27,36,48,15
5th March 2025,9,11,26,36,37,42,14
1st March 2025,15,19,25,33,40,42,13
26th February 2025,7,19,20,26,31,35,40
22nd February 2025,7,13,29,39,47,48,26
19th February 2025,9,10,11,24,31,37,44
15th February 2025,8,10,31,37,43,49,34
12th February 2025,19,24,39,40,42,45,41
8th February 2025,7,17,22,26,27,32,46
5th February 2025,4,13,20,32,37,46,33
1st February 2025,2,28,29,30,36,49,35
29th January 2025,3,7,15,20,31,39,2
25th January 2025,1,14,19,27,32,40,37
22nd January 2025,22,24,28,32,41,42,25
18th January 2025,8,13,16,18,31,43,1
15th January 2025,4,17,21,32,33,49,28
11th January 2025,3,9,18,25,43,45,31
8th January 2025,9,10,12,22,32,34,47
4th January 2025,2,5,9,19,24,44,10
1st January 2025,2,10,13,26,35,46,8

28th December 2024,8,16,18,23,34,36,12
25th December 2024,5,6,14,16,18,44,19
21st December 2024,6,9,21,24,41,48,31
18th December 2024,7,9,17,39,41,45,47
14th December 2024,3,4,13,16,27,43,38
11th December 2024,26,35,39,40,41,46,3
8th December 2024,9,22,33,41,42,45,12
4th December 2024,19,23,37,39,41,49,29
30th November 2024,1,5,22,25,36,37,40
27th November 2024,2,3,6,14,34,44,35
23rd November 2024,3,4,6,11,27,39,1
20th November 2024,12,13,21,24,46,49,15
16th November 2024,0,14,21,30,32,42,15
13th November 2024,5,15,17,29,35,45,0
9th November 2024,9,12,16,39,47,49,30
6th November 2024,2,11,18,21,23,25,26
2nd November 2024,7,13,37,42,46,47,48
30th October 2024,4,9,14,17,30,44,3
26th October 2024,7,16,19,25,28,29,15
23rd October 2024,4,15,18,20,37,40,43
19th October 2024,2,12,20,23,28,41,43
16th October 2024,1,17,26,35,44,48,19
12th October 2024,3,16,21,28,39,43,8
9th October 2024,20,22,23,36,46,47,42
5th October 2024,17,18,20,29,32,35,38
2nd October 2024,26,28,33,41,42,49,45
28th September 2024,7,15,23,29,41,46,22
25th September 2024,2,4,8,11,14,40,36
21st September 2024,5,10,11,15,27,49,25
18th September 2024,2,13,14,18,20,39,40
14th September 2024,11,14,19,25,26,28,21
11th September 2024,1,8,19,33,46,49,2
7th September 2024,8,21,33,34,37,47,24
4th September 2024,31,34,38,41,43,48,47
31st August 2024,7,24,25,34,43,44,13
28th August 2024,4,20,29,40,41,48,47
24th August 2024,16,21,29,32,42,49,5
21st August 2024,4,6,13,14,34,36,40
17th August 2024,7,8,9,10,26,33,19
14th August 2024,10,11,29,30,36,48,18
10th August 2024,9,15,17,20,25,49,28
7th August 2024,3,6,16,35,41,42,23
3rd August 2024,3,11,18,32,39,42,28
31st July 2024,12,18,19,26,40,42,35
27th July 2024,5,23,26,33,36,39,8
24th July 2024,1,6,34,36,40,48,27
20th July 2024,5,12,15,23,37,42,21
17th July 2024,11,13,25,28,34,42,44
13th July 2024,5,18,27,31,32,35,23
10th July 2024,7,11,18,37,38,45,31
6th July 2024,5,6,8,16,18,38,30
3rd July 2024,2,3,7,22,28,31,20
29th June 2024,6,7,30,33,35,39,15
26th June 2024,2,7,10,23,25,29,40
22nd June 2024,20,23,29,34,37,43,33
19th June 2024,8,12,19,28,42,48,5
15th June 2024,4,11,27,30,33,34,42
12th June 2024,7,8,10,17,43,48,26
8th June 2024,3,6,26,28,39,40,29
5th June 2024,4,6,24,27,32,41,34
1st June 2024,17,22,28,35,37,41,18
29th May 2024,4,26,27,32,38,40,10
25th May 2024,14,21,31,37,39,42,19
22nd May 2024,3,18,20,25,39,43,4
18th May 2024,27,29,32,33,35,39,18
15th May 2024,13,17,23,24,40,48,29
11th May 2024,2,10,17,18,22,28,36
8th May 2024,4,7,11,29,30,31,32
4th May 2024,2,16,21,27,38,45,43
1st May 2024,3,18,30,34,36,39,21
27th April 2024,3,6,18,26,36,42,17
24th April 2024,10,16,18,22,39,46,19
20th April 2024,9,14,23,26,30,43,35
17th April 2024,4,7,8,14,41,46,6
13th April 2024,11,17,21,27,41,44,7
10th April 2024,11,12,17,23,38,46,40
6th April 2024,16,18,22,29,36,43,44
3rd April 2024,2,10,35,36,38,46,20
30th March 2024,7,12,25,29,39,43,23
27th March 2024,14,22,27,39,40,45,6
23rd March 2024,2,14,26,27,33,49,8
20th March 2024,8,19,33,44,46,48,21
16th March 2024,12,27,32,38,39,41,42
13th March 2024,4,8,15,32,40,44,7
9th March 2024,6,15,19,34,45,47,27
6th March 2024,20,33,39,44,48,49,6
2nd March 2024,4,13,26,34,35,42,1
28th February 2024,7,24,34,42,46,49,1
24th February 2024,2,14,15,28,42,44,25
21st February 2024,31,32,45,46,47,49,12
17th February 2024,3,17,25,29,36,46,2
14th February 2024,7,15,37,41,42,47,12
10th February 2024,1,5,15,18,22,44,6
7th February 2024,7,19,21,33,36,45,4
3rd February 2024,5,10,15,27,40,47,7
31st January 2024,8,9,28,29,34,43,40
27th January 2024,8,11,13,23,24,36,12
24th January 2024,1,8,20,30,31,34,41
20th January 2024,1,6,12,27,45,49,47
17th January 2024,8,10,11,25,29,37,45
13th January 2024,24,28,31,40,42,48,43
10th January 2024,3,18,25,31,35,39,1
6th January 2024,18,19,33,38,48,49,27
3rd January 2024,2,12,23,30,32,35,47

30th December 2023,7,18,23,28,31,48,44
27th December 2023,3,11,21,40,46,48,36
23rd December 2023,7,10,15,21,29,31,17
20th December 2023,10,12,13,17,35,44,47
16th December 2023,7,8,13,20,43,44,2
13th December 2023,7,16,20,33,46,47,5
9th December 2023,4,5,14,21,27,30,41
6th December 2023,1,11,31,36,38,45,46
2nd December 2023,1,2,20,26,39,49,18
29th November 2023,11,13,16,18,21,43,37
25th November 2023,5,9,18,29,39,42,48
22nd November 2023,7,12,13,17,20,36,11
18th November 2023,6,22,26,30,35,36,25
15th November 2023,16,20,23,32,37,39,13
11th November 2023,3,17,25,26,41,42,18
8th November 2023,25,29,37,43,46,48,15
4th November 2023,1,10,15,17,35,45,34
1st November 2023,7,12,31,34,41,48,25
28th October 2023,4,9,17,30,36,43,37
25th October 2023,1,4,16,22,29,47,43
21st October 2023,1,12,17,19,23,39,37
18th October 2023,3,4,9,27,30,37,48
14th October 2023,15,17,23,32,37,47,49
11th October 2023,9,17,22,28,37,43,25
7th October 2023,4,6,20,40,45,46,33
4th October 2023,18,19,26,27,29,30,34
30th September 2023,30,31,34,43,45,47,14
27th September 2023,9,17,25,30,38,48,35
23rd September 2023,5,18,22,26,28,45,14
20th September 2023,10,14,17,22,25,38,24
16th September 2023,5,9,14,29,37,38,18
13th September 2023,8,10,18,32,33,42,40
9th September 2023,8,17,20,26,42,44,3
6th September 2023,3,10,31,38,39,41,34
2nd September 2023,12,13,30,33,35,43,17
30th August 2023,3,16,22,25,27,46,19
26th August 2023,6,10,11,22,32,43,27
23rd August 2023,3,13,14,19,26,36,25
19th August 2023,22,23,25,35,36,41,21
16th August 2023,2,3,6,7,17,27,24
12th August 2023,2,5,7,12,31,44,29
9th August 2023,17,35,37,40,45,47,44
5th August 2023,1,5,10,20,28,39,26
2nd August 2023,4,7,9,25,34,48,42
29th July 2023,2,7,8,18,33,36,14
26th July 2023,10,19,20,30,38,45,7
22nd July 2023,3,7,8,25,35,48,32
19th July 2023,15,25,30,31,40,48,22
15th July 2023,17,24,31,32,35,47,20
12th July 2023,9,18,22,23,28,46,11
8th July 2023,10,11,23,30,44,49,6
5th July 2023,3,4,10,12,30,34,14
1st July 2023,10,21,30,32,35,49,41
28th June 2023,8,13,16,40,42,47,22
24th June 2023,5,7,15,18,21,29,17
21st June 2023,4,5,13,14,33,35,8
17th June 2023,16,31,42,44,45,48,15
14th June 2023,12,18,22,24,25,47,21
10th June 2023,14,23,26,31,32,42,25
7th June 2023,1,15,19,24,32,44,31
3rd June 2023,22,31,33,34,43,49,21
31st May 2023,9,22,23,25,30,37,48
27th May 2023,11,20,26,38,44,45,41
24th May 2023,3,7,37,43,45,46,31
20th May 2023,4,6,23,27,41,48,28
17th May 2023,16,25,28,40,47,49,7
13th May 2023,13,14,27,29,31,42,45
10th May 2023,27,34,36,41,44,47,38
6th May 2023,3,19,23,30,37,42,1
3rd May 2023,7,15,21,34,46,48,16
29th April 2023,6,11,28,29,39,43,34
26th April 2023,5,9,25,29,39,48,22
22nd April 2023,4,8,21,38,46,49,36
19th April 2023,1,6,13,17,43,44,28
15th April 2023,1,20,30,35,36,44,48
12th April 2023,9,10,19,23,32,37,46
8th April 2023,8,13,16,27,31,46,41
5th April 2023,10,17,21,22,41,42,3
1st April 2023,5,11,23,31,45,49,6
29th March 2023,9,10,12,17,30,45,44
25th March 2023,11,12,13,16,22,28,27
22nd March 2023,2,7,9,11,39,41,48
18th March 2023,4,7,8,15,34,45,1
15th March 2023,4,9,26,27,28,33,30
11th March 2023,6,13,21,29,33,49,22
8th March 2023,6,9,25,34,36,43,38
4th March 2023,3,9,19,22,37,43,27
1st March 2023,3,8,10,14,34,35,44
25th February 2023,2,23,24,25,39,40,21
22nd February 2023,3,19,24,25,27,43,34
18th February 2023,3,5,7,10,26,39,22
15th February 2023,1,3,8,37,41,43,16
11th February 2023,4,17,21,27,32,42,30
8th February 2023,6,12,19,24,38,47,27
4th February 2023,11,13,29,31,42,47,17
1st February 2023,8,22,23,24,34,38,41
28th January 2023,5,12,15,26,46,48,17
25th January 2023,5,13,24,33,35,41,43
21st January 2023,8,11,27,35,38,45,48
18th January 2023,6,13,25,31,41,47,46
14th January 2023,1,10,11,13,29,37,47
11th January 2023,13,17,22,30,31,47,7
7th January 2023,5,6,14,16,45,48,18
4th January 2023,4,17,21,22,31,38,46

31st December 2022,2,5,7,11,15,21,25
28th December 2022,2,10,16,17,24,26,18
24th December 2022,10,11,21,22,24,30,32
21st December 2022,29,34,37,38,42,49,41
17th December 2022,11,18,20,23,29,42,6
14th December 2022,9,21,34,37,41,44,24
10th December 2022,10,14,20,35,37,40,48
7th December 2022,22,23,38,41,44,48,8
3rd December 2022,4,18,26,36,41,42,32
30th November 2022,4,11,16,19,27,35,25
26th November 2022,18,26,32,37,42,43,10
23rd November 2022,3,14,19,20,28,47,37
19th November 2022,12,16,21,32,38,45,15
16th November 2022,4,6,12,20,41,44,31
12th November 2022,1,20,24,32,36,37,5
9th November 2022,21,23,30,34,41,49,13
5th November 2022,2,20,31,40,48,49,44
2nd November 2022,19,25,38,40,47,48,20
29th October 2022,9,13,20,26,28,40,44
26th October 2022,10,15,23,38,39,45,37
22nd October 2022,2,17,24,36,40,49,30
19th October 2022,4,15,30,35,42,43,24
15th October 2022,7,9,12,33,35,36,6
12th October 2022,8,10,25,36,38,41,42
8th October 2022,1,5,21,35,37,41,6
5th October 2022,3,6,10,19,28,31,2
1st October 2022,4,19,21,24,25,36,9
28th September 2022,7,10,11,24,32,40,25
24th September 2022,10,13,21,37,40,41,48
21st September 2022,1,26,33,37,44,49,31
17th September 2022,3,9,15,21,33,49,13
14th September 2022,7,8,14,22,23,39,11
10th September 2022,11,15,19,29,41,49,38
7th September 2022,11,12,13,16,29,35,7
3rd September 2022,5,8,13,21,22,46,9
31st August 2022,9,18,25,33,35,41,19
27th August 2022,9,12,19,20,23,28,31
24th August 2022,9,15,22,24,26,41,16
20th August 2022,1,5,11,29,40,49,22
17th August 2022,6,7,13,30,31,43,20
13th August 2022,5,8,13,35,37,40,3
10th August 2022,8,9,36,38,44,45,29
6th August 2022,10,18,21,31,34,48,9
3rd August 2022,10,15,24,27,42,46,36
30th July 2022,9,21,22,27,35,47,31
27th July 2022,6,19,29,42,45,49,21
23rd July 2022,6,23,24,26,39,42,21
20th July 2022,1,15,17,25,26,40,39
16th July 2022,8,19,23,34,37,44,21
13th July 2022,13,18,19,21,35,40,29
9th July 2022,8,12,21,33,34,45,23
6th July 2022,25,33,34,35,37,46,30
2nd July 2022,1,4,7,33,36,47,2
29th June 2022,6,7,16,26,31,35,13
25th June 2022,9,14,23,36,38,44,19
22nd June 2022,7,10,11,18,27,42,25
18th June 2022,4,6,20,21,24,44,5
15th June 2022,3,5,9,12,16,29,32
11th June 2022,14,15,22,25,32,44,45
8th June 2022,6,22,32,39,40,46,26
4th June 2022,14,24,32,36,37,48,17
1st June 2022,1,15,16,19,44,48,5
28th May 2022,6,13,15,29,45,48,1
25th May 2022,14,15,22,35,36,47,10
21st May 2022,4,5,26,33,35,44,30
18th May 2022,14,22,24,28,42,48,23
14th May 2022,2,14,21,27,34,49,5
11th May 2022,5,10,12,34,36,48,27
7th May 2022,7,12,21,28,40,46,34
4th May 2022,4,21,22,36,41,43,31
30th April 2022,9,11,14,16,20,43,32
27th April 2022,6,26,29,32,33,41,2
23rd April 2022,17,19,27,39,44,49,2
20th April 2022,6,10,13,17,21,37,34
16th April 2022,7,13,26,35,36,38,40
13th April 2022,9,27,31,33,45,49,20
9th April 2022,12,28,34,41,46,49,2
6th April 2022,2,8,9,16,39,49,21
2nd April 2022,5,12,15,29,42,44,38
30th March 2022,3,7,15,21,35,40,37
26th March 2022,5,11,21,22,38,45,44
23rd March 2022,8,11,12,23,29,36,49
19th March 2022,4,7,26,36,42,47,32
16th March 2022,1,3,8,14,15,16,33
12th March 2022,3,8,20,24,37,47,31
9th March 2022,16,25,31,34,40,42,15
5th March 2022,5,9,10,32,38,40,44
2nd March 2022,11,12,39,41,42,49,14
26th February 2022,6,8,12,16,24,35,25
23rd February 2022,4,10,28,31,33,43,18
19th February 2022,4,16,30,32,37,44,35
16th February 2022,2,8,30,31,40,44,11
12th February 2022,1,25,26,37,40,43,3
9th February 2022,12,14,19,28,32,36,17
5th February 2022,2,9,12,14,23,24,10
2nd February 2022,3,7,9,23,26,32,42
29th January 2022,10,14,25,29,33,44,40
26th January 2022,5,22,25,30,32,46,45
22nd January 2022,7,12,27,31,37,44,35
19th January 2022,3,12,19,37,39,45,47
15th January 2022,5,10,35,41,42,44,13
12th January 2022,8,21,26,29,31,46,40
8th January 2022,6,18,23,31,46,48,4
5th January 2022,2,5,8,29,36,45,23
1st January 2022,7,8,15,17,19,33,6

29th December 2021,18,32,42,44,45,48,38
25th December 2021,4,13,21,24,31,45,41
22nd December 2021,1,2,3,11,15,43,46
18th December 2021,2,10,15,16,20,49,18
15th December 2021,1,9,12,18,35,48,19
11th December 2021,1,6,26,27,43,46,12
8th December 2021,23,25,26,36,40,49,42
4th December 2021,5,11,15,28,31,47,19
1st December 2021,14,17,27,34,36,42,8
27th November 2021,6,7,14,23,35,41,11
24th November 2021,10,11,18,20,35,48,39
20th November 2021,15,25,26,29,42,43,22
17th November 2021,3,4,18,23,27,28,38
13th November 2021,5,6,7,18,25,37,24
10th November 2021,2,7,18,19,23,25,43
6th November 2021,14,16,28,39,41,47,37
3rd November 2021,9,20,27,35,37,43,3
30th October 2021,3,5,7,23,42,46,15
27th October 2021,3,9,14,36,40,46,41
23rd October 2021,1,3,9,40,42,44,46
20th October 2021,6,9,34,35,48,49,41
16th October 2021,5,10,11,33,44,47,20
13th October 2021,2,7,8,11,19,27,24
9th October 2021,1,11,19,27,28,38,8
6th October 2021,7,18,19,38,42,46,31
2nd October 2021,8,17,18,19,48,49,26
29th September 2021,3,5,38,39,41,48,28
25th September 2021,3,8,10,35,46,48,17
22nd September 2021,5,14,19,30,38,40,27
18th September 2021,9,26,29,36,40,41,27
15th September 2021,7,11,14,15,27,41,49
11th September 2021,15,18,31,33,34,41,45
8th September 2021,2,7,10,16,28,36,41
4th September 2021,6,13,18,19,29,49,2
1st September 2021,3,4,14,18,19,42,43
28th August 2021,6,8,9,12,19,26,43
25th August 2021,1,16,34,37,41,48,21
21st August 2021,2,9,15,21,38,46,36
18th August 2021,7,8,28,30,32,42,33
14th August 2021,3,8,11,34,40,47,4
11th August 2021,12,15,25,40,44,45,31
7th August 2021,10,13,15,22,29,46,3
4th August 2021,3,8,21,38,42,49,27
31st July 2021,7,30,37,43,47,49,20
28th July 2021,1,4,10,14,32,39,19
24th July 2021,1,5,7,19,37,45,35
21st July 2021,2,4,15,20,35,45,10
17th July 2021,22,24,28,35,37,45,49
14th July 2021,2,9,19,23,26,30,10
10th July 2021,4,5,18,28,35,42,2
7th July 2021,11,16,21,26,42,45,22
3rd July 2021,4,7,10,31,33,38,23
30th June 2021,9,10,13,26,28,30,36
26th June 2021,15,27,36,37,43,49,7
23rd June 2021,9,17,20,22,34,40,48
19th June 2021,13,15,17,25,34,45,5
16th June 2021,16,23,32,33,37,45,3
12th June 2021,11,20,22,33,41,49,34
9th June 2021,1,3,15,26,28,39,10
5th June 2021,13,15,22,42,45,46,14
2nd June 2021,1,13,22,32,33,39,48
29th May 2021,11,18,19,27,34,46,42
26th May 2021,7,10,20,38,45,49,26
22nd May 2021,7,13,14,34,37,45,29
19th May 2021,12,21,25,40,42,49,45
15th May 2021,3,6,12,28,39,46,5
12th May 2021,30,35,39,42,46,48,38
8th May 2021,25,28,36,38,41,49,20
5th May 2021,5,22,23,26,43,46,4
1st May 2021,10,15,21,30,32,38,24
28th April 2021,6,11,20,22,34,49,42
24th April 2021,14,18,27,33,34,39,49
21st April 2021,15,18,23,32,38,47,19
17th April 2021,7,13,32,38,39,48,23
14th April 2021,4,6,12,23,36,47,18
10th April 2021,5,16,19,24,28,34,4
7th April 2021,23,31,34,38,39,41,12
3rd April 2021,12,13,19,35,42,47,28
31st March 2021,3,7,8,12,37,40,41
27th March 2021,15,16,17,30,36,40,34
24th March 2021,3,4,27,43,45,48,44
20th March 2021,9,16,25,36,39,43,49
17th March 2021,4,9,13,25,44,49,3
13th March 2021,15,24,27,29,42,49,18
10th March 2021,30,31,35,36,43,48,28
6th March 2021,2,14,18,21,26,48,19
3rd March 2021,3,11,33,34,36,43,42
27th February 2021,11,15,16,20,46,49,17
24th February 2021,11,36,37,38,39,45,10
20th February 2021,2,14,15,21,29,46,7
17th February 2021,7,16,18,43,45,48,14
13th February 2021,16,17,27,40,41,45,38
10th February 2021,4,14,22,26,45,48,20
6th February 2021,6,11,12,26,28,38,47
3rd February 2021,20,21,26,30,35,41,47
30th January 2021,3,23,26,35,42,44,32
27th January 2021,12,17,23,36,44,49,32
23rd January 2021,5,17,21,29,41,43,46
20th January 2021,2,5,18,23,29,47,45
16th January 2021,9,10,21,28,35,43,34
13th January 2021,20,27,28,37,38,39,9
9th January 2021,4,8,18,24,31,32,40
6th January 2021,15,23,30,31,32,42,48
2nd January 2021,16,17,20,42,47,49,40

30th December 2020,7,14,30,32,38,45,6
26th December 2020,21,26,28,33,34,42,43
23rd December 2020,7,15,24,31,33,34,3
19th December 2020,1,8,10,11,17,35,41
16th December 2020,10,12,20,25,31,34,42
12th December 2020,27,28,29,36,46,48,49
9th December 2020,10,11,14,19,27,39,40
5th December 2020,3,10,13,21,27,45,23
2nd December 2020,22,24,28,41,47,49,21
28th November 2020,3,4,16,23,26,44,18
25th November 2020,13,14,31,33,37,46,40
21st November 2020,16,19,21,34,37,47,25
18th November 2020,7,14,21,28,30,32,22
14th November 2020,1,2,13,30,35,38,45
11th November 2020,6,14,18,23,31,47,44
7th November 2020,1,16,19,24,26,47,29
4th November 2020,2,9,13,18,40,46,34
31st October 2020,5,8,18,22,41,48,23
28th October 2020,2,3,16,25,34,46,49
24th October 2020,4,9,17,20,26,31,34
21st October 2020,26,28,32,37,40,47,10
17th October 2020,7,8,9,24,25,34,14
14th October 2020,10,18,20,38,39,44,40
10th October 2020,6,23,24,29,36,38,25
7th October 2020,4,5,12,13,18,19,34
3rd October 2020,12,22,24,37,39,43,16
30th September 2020,13,16,20,21,27,48,15
26th September 2020,8,27,29,33,40,49,2
23rd September 2020,11,17,28,29,36,39,15
19th September 2020,5,15,31,35,42,46,17
16th September 2020,6,12,23,29,44,46,39
12th September 2020,5,13,19,37,42,45,40
9th September 2020,3,5,9,19,29,37,42
5th September 2020,1,8,10,33,34,38,4
2nd September 2020,1,5,15,23,25,31,40
29th August 2020,3,13,21,24,29,40,35
26th August 2020,6,8,20,23,35,39,11
22nd August 2020,19,25,34,36,40,43,32
19th August 2020,2,17,32,37,39,42,9
15th August 2020,6,7,11,18,22,43,9
12th August 2020,16,24,27,43,48,49,39
8th August 2020,1,20,21,23,40,46,28
5th August 2020,3,14,23,30,38,43,24
1st August 2020,12,13,17,22,39,40,25
29th July 2020,1,11,17,19,22,45,14
25th July 2020,6,21,34,44,45,48,33
22nd July 2020,5,14,19,42,46,47,8
18th July 2020,5,23,37,40,44,45,47
15th July 2020,5,7,17,22,43,44,14
11th July 2020,16,22,31,36,43,44,46
8th July 2020,11,26,28,35,37,47,8
4th July 2020,15,20,27,34,38,42,47
1st July 2020,1,12,27,30,34,49,35
27th June 2020,1,13,14,24,36,44,7
24th June 2020,6,16,23,39,47,48,33
20th June 2020,14,22,29,36,48,49,19
17th June 2020,5,10,18,29,32,48,6
13th June 2020,3,31,34,38,45,48,12
10th June 2020,3,13,25,33,34,45,14
6th June 2020,6,22,38,45,48,49,2
3rd June 2020,2,15,20,22,29,39,13
30th May 2020,11,17,27,28,30,43,35
27th May 2020,7,17,18,22,28,34,1
23rd May 2020,4,25,27,28,35,44,9
20th May 2020,8,23,25,34,37,47,4
16th May 2020,1,6,7,14,26,48,49
13th May 2020,3,10,21,35,38,48,28
9th May 2020,13,14,15,35,45,47,9
6th May 2020,6,29,34,36,45,49,3
2nd May 2020,15,18,26,34,43,45,42
29th April 2020,6,17,21,30,40,41,27
25th April 2020,6,10,11,22,32,48,17
22nd April 2020,9,10,11,14,15,28,36
18th April 2020,1,10,23,32,46,48,36
15th April 2020,1,3,7,13,22,47,30
11th April 2020,10,14,17,32,35,42,26
8th April 2020,9,13,21,23,30,32,15
4th April 2020,19,29,34,35,44,45,10
1st April 2020,4,6,10,13,25,49,41
28th March 2020,2,7,21,30,33,46,27
25th March 2020,3,19,31,38,45,47,48
21st March 2020,6,11,22,36,37,45,10
18th March 2020,7,8,9,12,14,36,28
14th March 2020,1,2,23,27,31,32,43
11th March 2020,5,24,32,37,43,44,23
7th March 2020,5,8,13,27,34,46,39
4th March 2020,6,8,15,24,38,41,31
29th February 2020,6,12,15,18,31,46,13
26th February 2020,8,25,34,35,36,38,5
22nd February 2020,2,7,26,33,46,48,25
19th February 2020,5,6,13,23,44,49,40
15th February 2020,7,8,11,23,27,30,3
12th February 2020,16,20,24,33,36,47,4
8th February 2020,8,28,30,39,41,43,45
5th February 2020,1,3,6,24,29,45,48
1st February 2020,13,21,35,40,45,48,47
29th January 2020,3,14,16,23,41,43,29
25th January 2020,8,20,21,30,32,48,31
22nd January 2020,2,10,27,30,39,43,21
18th January 2020,2,5,10,18,26,30,36
15th January 2020,1,17,23,25,26,34,24
11th January 2020,2,3,7,18,24,26,6
8th January 2020,2,5,19,44,48,49,24
4th January 2020,23,24,36,42,45,46,21
1st January 2020,11,23,30,35,39,43,34
